운행업체,노선번호,노선ID,기점,기점 정류장 번호,종점,종점 정류장 번호
경원여객,3102번,216000061,새솔고,233003145,강남역우리은행,121000974
경원여객,3102번,216000061,새솔고,233003145,강남역우리은행,121000974
경원여객,13번,216000069,새솔고,233003145,원시역,217000292
경진여객,7790번,200000149,협성대정문,233003173,사당역(중),121001315
경진여객,7790번,200000149,협성대정문,233003173,사당역(중),121001315
경진여객,M5443번,200000279,능실마을21단지.수원여대입구,201000448,교대역,121000929
경진여객,M5443예약번,200000295,능실마을21단지.수원여대입구,201000448,시민의숲.양재꽃시장,121000220
경진여객,M5443예약번,200000295,능실마을21단지.수원여대입구,201000448,시민의숲.양재꽃시장,121000220
경진여객,M5532번,223000127,갈곶리삼거리(경유),277102407,사당역4번출구,120000059
경진여객,33-1번,233000010,경진여객차고지,233001064,구문천리,233000812
경진여객,2번,233000013,조암터미널,233000929,고온리종점,233000481
경진여객,4번,233000015,조암터미널,233000929,이화리종점,233001052
경진여객,5-2번,233000019,조암터미널,233000929,조암터미널,233000928
경진여객,5-4번,233000021,조암터미널,233000929,호곡3리마을회관,233000408
경진여객,5-4번,233000021,조암터미널,233000929,호곡3리마을회관,233000408
경진여객,15번,233000022,조암터미널,233000929,장안6리노인회관,233001810
경진여객,14번,233000024,조암터미널,233000929,덕다3리.문화촌,233001138
경진여객,9번,233000025,조암터미널,233000929,노진리종점,233000466
경진여객,19번,233000026,조암터미널,233000929,노진리종점,233000466
경진여객,3-1번,233000027,조암터미널,233000929,운평1리평밭,233001163
경진여객,3번,233000028,조암터미널,233002665,뒷말,233000419
경진여객,2-4번,233000029,조암터미널,233000929,화산1리종점,233001252
경진여객,2-3번,233000030,조암터미널,233000929,조암터미널,233000928
경진여객,16번,233000034,조암터미널,233002665,조암터미널,233002665
경진여객,2-2번,233000035,조암터미널,233000929,조암터미널,233000928
경진여객,18번,233000036,조암터미널,233000929,궁평항,233001799
경진여객,4-1번,233000038,조암터미널,233000929,안중구터미널,214000869
경진여객,6번,233000040,조암터미널,233000929,발안만세시장,233000387
경진여객,11번,233000041,발안만세시장,233001394,조암터미널,233000928
경진여객,6-2번,233000043,조암터미널,233000929,발안만세시장,233000387
경진여객,17번,233000044,조암터미널,233000929,화수3리노인회관,233001803
경진여객,6-3번,233000045,조암터미널,233000929,발안만세시장,233000387
경진여객,8번,233000046,조암터미널,233000929,원안1리종점,233001397
경진여객,8-3번,233000047,조암터미널,233000929,조암터미널,233000928
경진여객,1번,233000048,조암터미널,233000929,장안제일교회,233001423
경진여객,8-2번,233000049,조암터미널,233000929,조암터미널,233000928
경진여객,1-1번,233000051,조암터미널,233000929,장안4리(고잔)종점,233001425
경진여객,2-1번,233000052,조암터미널,233000929,조암터미널,233000928
경진여객,7-1번,233000056,조암터미널,233000929,발안만세시장,233000387
경진여객,8-1번,233000057,조암터미널,233000929,조암터미널,233000928
경진여객,8-1번,233000057,조암터미널,233000929,조암터미널,233000928
경진여객,7번,233000058,조암터미널,233000929,발안만세시장,233001394
경진여객,11-5번,233000059,발안만세시장,233001394,석포6리(마파지),233001626
경진여객,11-2번,233000060,발안만세시장,233001394,조암터미널,233000928
경진여객,11-4번,233000062,발안만세시장,233001394,조암터미널,233000928
경진여객,10번,233000064,발안만세시장,233001394,구문천3리,233001541
경진여객,20번,233000079,조암터미널,233000929,조암터미널,233000928
경진여객,21번,233000080,조암터미널,233000929,구장삼거리,233001031
경진여객,24번,233000081,조암터미널,233000929,조암터미널,233000928
경진여객,23번,233000085,조암터미널,233000929,조암터미널,233000928
경진여객,25번,233000094,조암터미널,233000929,경진여객차고지,233000412
경진여객,26번,233000095,조암터미널,233002665,구문천3리,233001541
경진여객,27번,233000096,조암터미널,233000929,조암터미널,233000928
경진여객,33-2번,233000126,경진여객차고지,233001064,구문천리,233000812
경진여객,8155번,233000139,경진여객차고지,233001064,사당역(중),121001315
경진여객,8156번,233000258,향남주공18단지,233002472,사당역(중),121001315
경진여객,28번,233000267,산호아파트,233001362,장안면행정복지센터,233000932
경진여객,39번,233000274,서둔동차고지(경유),277103109,향남환승터미널,233002102
경진여객,8000번,233000311,협성대정문,233003173,금정역,225000007
경진여객,7200번,233000325,동탄2차고지,233003122,인덕원역4호선,209000152
경진여객,1006번,233000326,수원대학교,233000576,강남역나라빌딩앞,121000921
남양여객,400번,200000008,경기대후문,203000033,궁평항,233000330
남양여객,999번,200000013,연화장,203000062,현대기아연구소,233001999
남양여객,50-3번,200000014,수원역환승센터(5승강장),201000591,덕고개34,233001265
남양여객,50-2번,200000016,수원역환승센터(5승강장),201000591,남전2리종점,233000215
남양여객,50-4번,200000018,수원역환승센터(5승강장),201000591,쌍학리,233001270
남양여객,50-5번,200000020,수원역환승센터(5승강장),201000591,창곡1리,233002230
남양여객,50-6번,200000022,수원역환승센터(5승강장),201000591,원리,233000535
남양여객,11번,200000060,연무동차고지,200000067,원시역,217000289
남양여객,400-4번,200000183,경기대후문,203000033,바이오밸리,233002291
남양여객,5-2번,200000237,수원역환승센터(5승강장),201000591,아이원.호수자이파밀리에,233003126
남양여객,5-2번,200000237,수원역환승센터(5승강장),201000591,아이원.호수자이파밀리에,233003126
남양여객,5-3번,200000282,동부차고지,203000374,아이원.호수자이파밀리에,233003126
대원고속,1007번,234000015,수원대학교,233000576,잠실광역환승센터,123000611
대원고속,1009번,234000310,수원대학교,233001214,잠실광역환승센터,123000611
대원고속,1551번,234001138,수원대학교,233001214,양재역.서초문화예술회관(중),121000003
대원고속,1551B번,234001290,수원대학교,233001214,신분당선강남역(중),121000009
제부여객,51번,200000093,능실마을21단지.수원여대입구,201000448,아이원.호수자이파밀리에,233003126
제부여객,15-1번,200000152,능실마을21단지.수원여대입구,201000448,아이원.호수자이파밀리에,233003126
제부여객,1004번,233000004,장외리.오리골,233001903,수원역.노보텔수원,202000208
제부여객,330번,233000005,장외리.오리골,233001903,금정역,225000127
제부여객,1004-1번,233000067,전곡항,233001912,수원역.노보텔수원,202000208
제부여객,340번,233000075,화성문화원.향남환승터미널,233002101,삼천리마을앞,216000321
제부여객,1000번,233000077,장외리.오리골,233001903,동탄역(동측),233003085
제부여객,330-1번,233000084,금정역,225000115,팔곡마을주공아파트,216000337
제부여객,340-1번,233000117,향남주공18단지,233002472,금정역,225000011
제부여객,340-1번,233000117,향남주공18단지,233002472,금정역,225000011
제부여객,1008번,233000125,현대기아연구소,233002226,사당역(중),121001315
제부여객,1001번,233000134,호수자이파밀리에.아이원,233003132,현대기아연구소,233002213
제부여객,1002번,233000140,전곡항,233001912,사당역(중),121001315
제부여객,150번,233000253,능실마을21단지.수원여대입구,201000448,아이원.호수자이파밀리에,233003126
제부여객,340-2번,233000320,향남주공18단지,233002472,금정역,225000011
제부여객,340-2번,233000320,향남주공18단지,233002472,금정역,225000011
제부여객,151번,233000323,능실마을21단지.수원여대입구,201000448,아이원.호수자이파밀리에,233003126
제부여객,12번,233000324,호수자이파밀리에.아이원,233003132,만의사.마을회관,233000160
제부여객,G1003번,233000328,현대기아연구소,233002226,시민의숲.양재꽃시장,121000220
제부여객,G8157번,233000329,향남주공18단지,233002472,시민의숲.양재꽃시장,121000220
한국스마트버스협동조합,P9301(출근)번,233000336,나루마을.월드반도,233001448,잠실광역환승센터,123000611
한국스마트버스협동조합,P9301(출근)번,233000336,나루마을.월드반도,233001448,잠실광역환승센터,123000611
한국스마트버스협동조합,P9301(퇴근)번,233000337,잠실광역환승센터,123000611,나루마을.한화꿈에그린2차,233001713
한국스마트버스협동조합,P9301(퇴근)번,233000337,잠실광역환승센터,123000611,나루마을.한화꿈에그린2차,233001713
한국스마트버스협동조합,P9302(출근)번,233000338,호수자이파밀리에.아이원,233003132,잠실광역환승센터,123000611
한국스마트버스협동조합,P9302(출근)번,233000338,호수자이파밀리에.아이원,233003132,잠실광역환승센터,123000611
한국스마트버스협동조합,P9302(퇴근)번,233000339,잠실광역환승센터,123000611,아이원.호수자이파밀리에,233003126
한국스마트버스협동조합,P9302(퇴근)번,233000339,잠실광역환승센터,123000611,아이원.호수자이파밀리에,233003126
화성-금오운수,17번,241324001,병점역후문,233000695,동탄역(동측),233003085
화성-금오운수,17번,241324001,병점역후문,233000695,동탄역(동측),233003085
화성-금오운수,27번,241324002,병점역사거리,233000702,한림대성심병원,233002559
화성-금오운수,27번,241324002,병점역사거리,233000702,한림대성심병원,233002559
화성-금오운수,27-1번,241324003,병점역.화성청년지원센터,233002064,대우푸르지오.예당고등학교,233001736
화성-금오운수,27-1번,241324003,병점역.화성청년지원센터,233002064,대우푸르지오.예당고등학교,233001736
화성-금오운수,27-2번,241324004,병점역사거리,233000702,나루고등학교,233002653
화성-금오운수,27-2번,241324004,병점역사거리,233000702,나루고등학교,233002653
화성-금오운수,17-1번,241324005,병점역.화성청년지원센터,233002064,동탄복합문화센터,233002673
화성-금오운수,17-1번,241324005,병점역.화성청년지원센터,233002064,동탄복합문화센터,233002673
화성-다원교통,50-8(신외)번,241234001,남양읍행정복지센터,233000769,남양읍행정복지센터,233000729
화성-다원교통,50-8(신외)번,241234001,남양읍행정복지센터,233000769,남양읍행정복지센터,233000729
화성-다원교통,22-2번,241234002,세영리첼,233001910,수원역.역전시장,202000225
화성-다원교통,22-2번,241234002,세영리첼,233001910,수원역.역전시장,202000225
화성-다원교통,22-3(장전)번,241234003,장전출발(경유),277101941,수원역.역전시장,202000225
화성-다원교통,22-3(장전)번,241234003,장전출발(경유),277101941,수원역.역전시장,202000225
화성-다원교통,22-3(신경대)번,241234004,신경대학교,233002708,수원역.역전시장,202000225
화성-다원교통,22-3(신경대)번,241234004,신경대학교,233002708,수원역.역전시장,202000225
화성-다원교통,50-5번,241234005,남양읍행정복지센터,233000769,신외2리.고잔,233002934
화성-다원교통,50-5번,241234005,남양읍행정복지센터,233000769,신외2리.고잔,233002934
화성-다원교통,6-3번,241234006,보통2리,233000611,수원역환승센터(11승강장),201000597
화성-다원교통,22-1번,241234007,어천역,233000842,수원역.역전시장,202000225
화성-다원교통,22-1번,241234007,어천역,233000842,수원역.역전시장,202000225
화성도시공사,H101번,233000330,치동천힐링마을,233002426,대우푸르지오,233000686
화성도시공사,H103번,233000331,향남시외버스터미널(경유),277103890,수원역환승센터(2승강장),201000588
화성도시공사,H102번,233000340,동탄2차고지,233002292,반월체육센터,233002539
화성도시공사,H104번,233000342,화성종합운동장,233002109,송탄역,214001845
화성도시공사,H105번,233000343,고온리종점,233000481,병점역사거리,233000702
화성도시공사,H106번,233000344,신경대학교,233002708,조암터미널,233000929
화성도시공사,H121번,233000345,화성종합운동장,233002109,부처내,233000031
화성도시공사,H122번,233000346,화성종합운동장,233002109,부처내,233000031
화성도시공사,H120A번,233000347,수원역환승센터(4승강장),201000590,석포6리(마파지),233001626
화성도시공사,H120B번,233000348,신경대학교,233002708,향남부영10.11단지,233002408
화성도시공사,H131번,233000349,국민체육센터,233002217,수원역환승센터(11승강장),201000597
화성도시공사,H161번,233000368,향남시외터미널,233003052,수원역환승센터(2승강장),201000588
화성도시공사,H160번,233000369,신경대학교,233002708,수원역환승센터(2승강장),201000588
화성-매봉여객,50-2번,241335001,남양성지,233000841,사강정형외과,233000267
화성-매봉여객,50-2번,241335001,남양성지,233000841,사강정형외과,233000267
화성-매봉여객,50-2(금강)번,241335026,신경대학교,233002708,금강아파트,233002921
화성-매봉여객,50-2(금강)번,241335026,신경대학교,233002708,금강아파트,233002921
화성-매봉여객,7(아침)번,241335027,오목천역.영신여자고교,201000165,매송농협,233002529
화성-매봉여객,7(숙곡)번,241335028,오목천역.영신여자고교,201000165,숙곡리,233002531
화성-매봉여객,7(송라)번,241335029,매송농협,233002529,오목천역.영신여자고교,201000165
화성-매봉여객,7(야목)번,241335030,매송농협,233002529,오목천역.영신여자고교,201000165
화성-매봉여객,7(야목)번,241335030,매송농협,233002529,오목천역.영신여자고교,201000165
화성-매봉여객,7(매송)번,241335031,매송농협,233002529,오목천역.영신여자고교.청구아파트,201000166
화성-매봉여객,H8번,241335032,장안대후문,233002757,수원대학교,233000576
화성-매봉여객,H19번,241335033,오산대역후문,223000369,정현초.청림중,233001953
화성-매봉여객,H19번,241335033,오산대역후문,223000369,정현초.청림중,233001953
화성-매봉여객,50-2(오전)번,241335034,남양성지,233000841,사강정형외과,233000267
화성-매봉여객,50-2(오후)번,241335035,남양성지,233000841,사강정형외과,233000267
화성-매봉여객,50-2(A)번,241335036,남양성지,233000841,남양성지,233000841
화성-매봉여객,50-2(A)번,241335036,남양성지,233000841,남양성지,233000841
화성-매봉여객,50-8(송산)번,241445010,신경대학교,233002708,어천역,233000844
화성-매봉여객,50-8(송산)번,241445010,신경대학교,233002708,어천역,233000844
화성-매봉여객,7-1번,241445011,기업은행,233001046,어천역,233000844
화성-매봉여객,7-1번,241445011,기업은행,233001046,어천역,233000844
화성-매봉여객,22-5(비봉)번,241445012,함백산추모공원,233507360,비봉중고등학교,233000721
화성-매봉여객,22-5(어천역)번,241445013,함백산추모공원,233507360,어천역,233000844
화성-매봉여객,22-5(어천역)번,241445013,함백산추모공원,233507360,어천역,233000844
화성-매봉여객,22-4번,241445014,어천역,233000844,반도유보라.아이비파크,233003143
화성-매봉여객,22-4번,241445014,어천역,233000844,반도유보라.아이비파크,233003143
화성-명승교통,11-2번,241323002,병점역.화성청년지원센터,233002064,서천2차아이파크,228002053
화성-명승교통,11-2번,241323002,병점역.화성청년지원센터,233002064,서천2차아이파크,228002053
화성-명승교통,11번,241323003,병점아이파크캐슬.성호플레르빌,233000199,병점아이파크캐슬.성호플레르빌,233000199
화성-명승교통,11번,241323003,병점아이파크캐슬.성호플레르빌,233000199,병점아이파크캐슬.성호플레르빌,233000199
화성-명승교통,12번,241323004,병점역.화성청년지원센터,233002064,훼미리타워,203000355
화성-명승교통,12번,241323004,병점역.화성청년지원센터,233002064,훼미리타워,203000355
화성-명승교통,13번,241323005,병점역.화성청년지원센터,233002064,신영통현대타운2단지,233002507
화성-명승교통,13번,241323005,병점역.화성청년지원센터,233002064,신영통현대타운2단지,233002507
화성-명승교통,H25번,241323006,병점역.화성청년지원센터,233002064,솔빛동탄경남아너스빌,233001707
화성-명승교통,H25번,241323006,병점역.화성청년지원센터,233002064,솔빛동탄경남아너스빌,233001707
화성-명승교통,H13(A)번,241323007,동탄역(동측),233003085,동탄역(동측),233003085
화성-명승교통,H13(A)번,241323007,동탄역(동측),233003085,동탄역(동측),233003085
화성-명승교통,H13(B)번,241323008,동탄역(서측),233003084,동탄역(서측),233003084
화성-명승교통,H13(B)번,241323008,동탄역(서측),233003084,동탄역(서측),233003084
화성-부광여객,35-1(A)번,241491002,수원과학대학,233000913,병점역사거리,233000702
화성-부광여객,35-1(A)번,241491002,수원과학대학,233000913,병점역사거리,233000702
화성-부광여객,66A번,241491003,한승미메이드아파트,233002697,병점역사거리,233000702
화성-부광여객,35-2번,241491004,동보아파트,233002739,병점역사거리,233000702
화성-부광여객,35-2번,241491004,동보아파트,233002739,병점역사거리,233000702
화성-부광여객,66번,241491005,화산초등학교,233002696,병점역사거리,233000702
화성-부광여객,38번,241491008,배양1동,233532650,우남퍼스트빌3차아파트,233000099
화성-부광여객,35번,241491009,봉담푸르지오.아이파크,233002743,병점복합타운,233000219
화성-부광여객,100번,241491010,파크자이2차,233003169,파크자이2차,233003169
화성-부광여객,38-1번,241491011,배양1동,233532650,우남퍼스트빌3차아파트,233000099
화성-부광여객,100(A)번,241491012,파크자이1차,233003172,파크자이1차,233003172
화성-부광여객,35-1(B)번,241491014,수원과학대학,233000913,병점역사거리,233000702
화성-부광여객,35-1(B)번,241491014,수원과학대학,233000913,병점역사거리,233000702
화성-산척여객,19번,241317002,행복주택35단지,233000114,병점역사거리,233000702
화성-산척여객,19번,241317002,행복주택35단지,233000114,병점역사거리,233000702
화성-산척여객,19-1번,241317004,의료복합,233001785,병점역사거리,233000702
화성-산척여객,19-1번,241317004,의료복합,233001785,병점역사거리,233000702
화성-산척여객,19-2번,241317006,장지동농협,233000168,병점역사거리,233000702
화성-산척여객,19-2번,241317006,장지동농협,233000168,병점역사거리,233000702
화성-산척여객,19-3번,241317008,LH1단지.한양수자인,233002173,병점역사거리,233000702
화성-산척여객,19-3번,241317008,LH1단지.한양수자인,233002173,병점역사거리,233000702
화성-산척여객,39번,241317009,동탄물류단지북측,233000069,동탄역(서측),233003084
화성-산척여객,39번,241317009,동탄물류단지북측,233000069,동탄역(서측),233003084
화성-산척여객,H17번,241317012,장지동농협,233000168,국민은행(마을),223000491
화성-산척여객,H16(A)번,241317013,노작마을,233001484,사랑의교회,233001962
화성-산척여객,H16(A)번,241317013,노작마을,233001484,사랑의교회,233001962
화성-산척여객,H16(B)번,241317014,월드반도,233001706,월드반도.노작마을,233001485
화성-산척여객,H16(B)번,241317014,월드반도,233001706,월드반도.노작마을,233001485
화성-산척여객,H9번,241317015,방교동일반산업단지,233001969,동탄역(동측),233003085
화성-산척여객,H9번,241317015,방교동일반산업단지,233001969,동탄역(동측),233003085
화성-산척여객,H11번,241317016,방아다리마을,233002363,현대트랜시스,233002165
화성-산척여객,H11번,241317016,방아다리마을,233002363,현대트랜시스,233002165
화성-산척여객,H12번,241317017,장지동농협,233000168,반월동행정복지센터,233002669
화성-산척여객,H12번,241317017,장지동농협,233000168,반월동행정복지센터,233002669
화성-소망교통,31번,241488001,기점대기(경유),277104298,수원역환승센터(11승강장),201000597
화성-소망교통,31번,241488001,기점대기(경유),277104298,수원역환승센터(11승강장),201000597
화성-소망교통,6-1번,241488002,쌍용아파트,233002741,수원역환승센터(11승강장),201000597
화성-소망교통,31-1번,241488003,기점대기(경유),277104298,수원역환승센터(11승강장),201000597
화성-소망교통,31-2번,241488006,수원과학대학,233000913,수원역환승센터(11승강장),201000597
화성-송산여객,20(마산포)번,241231001,사강종점,233002875,마산포,233001838
화성-송산여객,20(어도동내)번,241231002,사강종점,233002875,어도종점,233002996
화성-송산여객,20(어도펜션)번,241231003,사강종점,233002875,어도펜션,233002640
화성-송산여객,공영1(사곳.궁평)번,241231004,사강종점,233002875,궁평유원지종점,233002601
화성-송산여객,공영1(매화.궁평)번,241231005,사강종점,233002875,궁평유원지종점,233002601
화성-송산여객,공영1(궁평.사곳)번,241231006,사강종점,233002875,궁평유원지종점,233002601
화성-송산여객,공영1(지화2리)번,241231007,사강종점,233002875,지화2리,233002907
화성-송산여객,공영2(삼존대광A)번,241231008,사강종점,233002875,대광아파트,233000191
화성-송산여객,공영2(송정대광A)번,241231009,사강종점,233002875,대광아파트,233000191
화성-송산여객,공영2(금당2리)번,241231010,사강종점,233002875,금당2리종점,233002801
화성-송산여객,공영2(지화2리)번,241231011,사강종점,233002875,지화2리,233002907
화성-송산여객,공영3(장문지화1)번,241231012,사강종점,233002875,지화1리.현대염전,233002901
화성-송산여객,공영3(삼존.청원)번,241231013,사강종점,233002875,청원3리종점,233002909
화성-송산여객,공영3(금당2리)번,241231014,사강종점,233002875,금당2리종점,233002801
화성-송산여객,공영4(삼존2.3리)번,241231015,사강종점,233002875,삼존3리,233002895
화성-송산여객,공영4(도말.고포)번,241231016,사강종점,233002875,고포3리회관앞,233002888
화성-송산여객,공영4(마산.고포)번,241231017,사강종점,233002875,고포3리회관앞,233002888
화성-송산여객,공영4(형도.고포)번,241231018,사강종점,233002875,고포3리회관앞,233002888
화성-송산여객,공영4(솔미.구렛)번,241231019,사강종점,233002875,고포3리.구랫골,233002896
화성-송산여객,20-2(용포화석지)번,241231020,사강종점,233002875,공룡알화석지,233002637
화성-송산여객,20-2(천등.고정)번,241231021,사강종점,233002875,고정2리,233000285
화성-송산여객,20-2(용포고정천)번,241231022,사강종점,233002875,고정2리,233000285
화성-송산여객,20-2(용포.고정)번,241231023,사강종점,233002875,고정2리,233000285
화성-송산여객,20-2(천등화석지)번,241231024,사강종점,233002875,고정2리,233000285
화성-송산여객,20-1(백곡리)번,241231025,사강종점,233002875,백곡2리,233002803
화성-송산여객,20-1(홍법리)번,241231026,사강종점,233002875,흥법리마을회관,233002602
화성-송산여객,20-1(독지리)번,241231027,사강종점,233002875,독지리종점,233002890
화성-송산여객,20-3(왕모대시청)번,241231028,사강종점,233002875,대광아파트,233000191
화성-송산여객,20-3(당성왕모대)번,241231029,사강종점,233002875,왕모대,233002527
화성-송산여객,20-3(쌍쏭.대광A)번,241231030,사강종점,233002875,대광아파트,233000191
화성-송산여객,20-1(고모리)번,241231031,사강종점,233002875,사강종점,233002876
화성-송산여객,공영3(솔미.구렛)번,241231032,사강종점,233002875,고포3리.구랫골,233002896
화성-송산여객,공영3(지화2리)번,241231033,사강종점,233002875,지화2리,233002907
화성-송산여객,공영4(돌내.형도)번,241231034,사강종점,233002875,형도종점,233002891
화성-송산여객,공영4(돌내독지1)번,241231035,사강종점,233002875,독지리교회,233003066
화성-송산여객,공영4(돌내독지2)번,241231036,사강종점,233002875,독지리종점,233003067
화성-송산여객,20-4A번,241231037,사강종점,233002875,대광아파트,233000191
화성-송산여객,20-4B번,241231038,사강종점,233002875,대광아파트,233000191
화성-수성여객,7-1번,241205003,수원과학대학,233000913,신미주아파트,233002722
화성-수성여객,7-1번,241205003,수원과학대학,233000913,신미주아파트,233002722
화성-수성여객,9번,241205007,쌍용아파트,233003022,봉담호수공원.신협앞,233002084
화성-수성여객,9번,241205007,쌍용아파트,233003022,봉담호수공원.신협앞,233002084
화성-수성여객,9-1번,241205008,수영초등학교,233001869,수원대학교,233000576
화성-수성여객,9-1번,241205008,수영초등학교,233001869,수원대학교,233000576
화성-수성여객,3-2번,241205011,장짐삼거리(경유),277102010,오산역환승센터2층(2승강장),223000540
화성-수성여객,50번,241205012,대광아파트,233000191,병점역사거리,233000702
화성-수성여객,50번,241205012,대광아파트,233000191,병점역사거리,233000702
화성-수성여객,76번,241205013,비행장입구.세류역,201000202,목양교회,233002065
화성-수성여객,77번,241205014,장짐삼거리(경유),277102010,요골,233000133
화성-수성여객,78번,241205015,장짐삼거리(경유),277102010,신왕2리마을회관,233001790
화성-수성여객,78번,241205015,장짐삼거리(경유),277102010,신왕2리마을회관,233001790
화성-수성여객,79번,241205016,향남부영9단지,233002407,경기도종합사격장,233000171
화성-수성여객,80번,241205017,향남부영10.11단지,233002408,병점역사거리,233000702
화성-수성여객,81번,241205018,향남부영10.11단지,233002408,동탄역(동측),233003085
화성-수성여객,333번,241205019,그린피아호텔,233000608,오산역환승센터2층(2승강장),223000540
화성-수성여객,709번,241205020,서동탄역,233002343,동탄역(동측),233003085
화성-수성여객,709번,241205020,서동탄역,233002343,동탄역(동측),233003085
화성-수성여객,709-1번,241205021,서동탄역,233002343,동탄역(서측),233003084
화성-수성여객,709-1번,241205021,서동탄역,233002343,동탄역(서측),233003084
화성-수성여객,H4번,241205022,병점역.화성청년지원센터,233002063,동탄2차고지,233003123
화성-수성여객,H4번,241205022,병점역.화성청년지원센터,233002063,동탄2차고지,233003123
화성-수성여객,H5번,241205023,병점역.화성청년지원센터,233002063,동탄2차고지,233003123
화성-수성여객,H5번,241205023,병점역.화성청년지원센터,233002063,동탄2차고지,233003123
화성-수성여객,H6(A)번,241205024,서동탄역,233002343,서동탄역,223000315
화성-수성여객,H6(A)번,241205024,서동탄역,233002343,서동탄역,223000315
화성-수성여객,H6(B)번,241205025,서동탄역,233002343,서동탄역,223000315
화성-수성여객,H6(B)번,241205025,서동탄역,233002343,서동탄역,223000315
화성-수성여객,H18번,241205026,LH1단지.한양수자인,233002173,동탄2차고지,233003123
화성-수성여객,H18번,241205026,LH1단지.한양수자인,233002173,동탄2차고지,233003123
화성-수성여객,H24번,241205027,병점역사거리,233000702,동탄2LH4단지,233001505
화성여객,6001번,233000131,동탄2차고지,233003122,신분당선강남역(중),121000009
화성여객,116-3번,233000133,동탄2차고지,233003122,미금역.청솔마을.2001아울렛,206000087
화성여객,8501번,233000135,수원대학교,233001214,신분당선강남역(중),121000009
화성여객,8501번,233000135,수원대학교,233001214,신분당선강남역(중),121000009
화성여객,6002번,233000136,동탄2차고지,233003122,신분당선강남역(중),121000009
화성여객,6002-1번,233000142,한화꿈에그린,233002438,신분당선강남역(중),121000009
화성여객,6002-1번,233000142,한화꿈에그린,233002438,신분당선강남역(중),121000009
화성여객,202번,233000144,영통차고지(경유),277101892,동탄행복마을푸르지오아파트,233001993
화성여객,203번,233000254,동탄2차고지,233003122,영통역8번출구,203000074
화성여객,4403번,233000265,나루마을.월드반도,233001448,신분당선강남역(중),121000009
화성여객,6003번,233000266,동탄2차고지,233003122,판교역.낙생육교.현대백화점,206000532
화성여객,200번,233000268,반도10차,233003174,신창미션힐.송화초교,233000101
화성여객,4108번,233000270,나루마을.월드반도,233001448,서울역버스환승센터(6번승강장)(중),101000006
화성여객,H65번,233000275,동탄2차고지,233003122,화성시청.모두누림센터,233000189
화성여객,116-5번,233000276,영통차고지(경유),277101892,갈곶동.KCC스위첸아파트,223000525
화성여객,H67번,233000277,동탄2차고지,233003122,향남환승터미널,233002102
화성여객,205번,233000281,한신더휴,233001614,병점역사거리,233000702
화성여객,H23번,233000282,방교동일반산업단지,233001969,동탄역(서측),233003084
화성여객,6008번,233000321,동탄2차고지,233003122,서초아트자이아파트,121000063
화성여객,G6009번,233000322,호수자이파밀리에.아이원,233003132,잠실광역환승센터,123000611
화성여객,G6010번,233000327,오산역환승센터2층(2승강장),223000540,상갈역,228002101
화성여객,M4448번,233000332,아이파크.호수부영4차,233001754,신분당선강남역(중),121000009
화성여객,8502번,233000333,수원대학교,233001214,신분당선강남역(중),121000009
화성여객,8502번,233000333,수원대학교,233001214,신분당선강남역(중),121000009
화성여객,H10번,233000341,동양파라곤,233001848,동탄역(동측),233003085
화성여객,6002-1B번,233000353,KCC사옥,121000086,한화꿈에그린,233002437
화성여객,6002-1B번,233000353,KCC사옥,121000086,한화꿈에그린,233002437
화성여객,M4449번,233000354,한신대입구사거리,223000057,신분당선강남역(중),121000009
화성여객,720-3번,234000068,단국대차고지,228003364,새봄초등학교,233000222
화성여객,720-3번,234000068,단국대차고지,228003364,새봄초등학교,233000222
화성여객,6004번,234000314,동탄국제고등학교,233001447,신분당선강남역(중),121000009
화성여객,721번,234001568,영통차고지(경유),277101892,반도10차,233003174
화성여객,116-2번,234001570,영통차고지(경유),277101892,갈곶동.KCC스위첸아파트,223000525
화성여객,M4130번,234001577,호수자이파밀리에.아이원,233003132,서울역버스환승센터(6번승강장)(중),101000006
화성여객,M4434번,234001619,호수자이파밀리에.아이원,233003132,신분당선강남역(중),121000009
화성여객,M4137번,234001622,아이파크.호수부영4차,233001754,서울역버스환승센터(6번승강장)(중),101000006
화성운수,701A번,223000032,호수자이파밀리에.아이원,233003132,병점역사거리,233000702
화성운수,708번,223000056,호수자이파밀리에.아이원,233003132,병점역사거리,233000702
화성운수,73번,223000058,호수자이파밀리에,233003163,병점역사거리,233000702
화성운수,712번,233000128,동탄2LH4단지,233000959,병점역사거리,233000702
화성운수,73-1번,233000130,호수자이파밀리에,233003163,병점역사거리,233000702
화성운수,710번,233000252,동탄2LH4단지,233000959,동부출장소.병점초등학교,233000708
화성-청진교통,5번,241318001,오산역환승센터1층(1승강장),223000537,동탄2차고지,233003123
화성-청진교통,5번,241318001,오산역환승센터1층(1승강장),223000537,동탄2차고지,233003123
화성-청진교통,6번,241318003,새강마을.휴먼시아,233001452,솔빛마을.서해.쌍용아파트,233001450
화성-청진교통,6번,241318003,새강마을.휴먼시아,233001452,솔빛마을.서해.쌍용아파트,233001450
화성-청진교통,H14(A)번,241318004,동탄역(동측),233003085,동탄역(동측),233003085
화성-청진교통,H14(A)번,241318004,동탄역(동측),233003085,동탄역(동측),233003085
화성-청진교통,H15번,241318005,동탄역(동측),233003085,LH1단지.한양수자인,233002169
화성-청진교통,H15번,241318005,동탄역(동측),233003085,LH1단지.한양수자인,233002169
화성-청진교통,H20번,241318006,병점역후문,233000695,동탄역(동측),233003085
화성-청진교통,H20번,241318006,병점역후문,233000695,동탄역(동측),233003085
화성-청진교통,H14(B)번,241318007,동탄역(서측),233003084,동탄역(서측),233003084
화성-청진교통,H14(B)번,241318007,동탄역(서측),233003084,동탄역(서측),233003084
화성-향남교통,12번,241485006,장짐교차로,233001558,남양성지,233000841
화성-향남교통,10-2번,241485017,장짐교차로,233001558,기천3리,233002962
화성-향남교통,10번,241485018,장짐교차로,233001558,남양성지,233000841
화성-향남교통,10-1번,241485019,장짐교차로,233001558,노하할인마트,233002841
화성-향남교통,10-3번,241485020,장짐교차로,233001558,나은병원,233002960
화성-향남교통,10-5번,241485022,장짐교차로,233001558,하저리마을회관,233002623
화성-향남교통,36-2번,241485023,농협하나로마트,233001479,하길4리종점,233002997
화성-향남교통,36-3번,241485024,장짐교차로.축산농협,233001769,구문천2리종점,233002797
화성-향남교통,36-1번,241485025,농협하나로마트,233001479,하길1리종점,233002794
화성-향남교통,36번,241485031,농협하나로마트,233001479,구문천2리종점,233002797
화성-향남교통,39번,241485033,농협하나로마트,233001479,할인마트앞,233003000
화성-향남교통,39-1번,241485034,농협하나로마트,233001479,할인마트앞,233003000
화성-향남교통,39-2번,241485035,장짐교차로.축산농협,233001769,할인마트앞,233003000
화성-향남교통,37번,241485038,장짐삼거리(경유),277102010,그린피아호텔,233000608
화성-향남교통,13-3번,241485039,제암리독립기념관,233002966,향남주공18단지,233002471
화성-향남교통,13-2번,241485040,장짐교차로,233001558,동광뷰엘,233000021
화성-향남교통,13-1번,241485041,우림주공아파트,233002969,구문천1리진입로,233001536
화성-향남교통,13-1번,241485041,우림주공아파트,233002969,구문천1리진입로,233001536
화성-향남교통,13-4번,241485042,향남부영10.11단지,233002408,남양성지,233000841
화성-향남교통,36A번,241485045,장짐교차로.축산농협,233001769,구문천2리종점,233002797
화성-향남교통,36-2A번,241485046,장짐교차로.축산농협,233001769,하길4리종점,233002997
화성-향남교통,39A번,241485047,장짐교차로.축산농협,233001769,할인마트앞,233003000
화성-향남교통,12-1번,241485048,장짐교차로,233001558,남양성지,233000841
화성-향남교통,12-1번,241485048,장짐교차로,233001558,남양성지,233000841
화성-향남교통,13-4A번,241485049,향남부영10.11단지,233002408,남양성지,233000841
화성-향남교통,11-1번,241485050,정남농협,233000663,남양성지,233000841
화성-향남교통,H7번,241485055,장짐교차로,233001371,향남주공18단지,233002471
화성-향남교통,13-1A번,241485056,우림주공아파트,233002969,구문천3리,233001541
화성-향남교통,13-3A번,241485057,제암리독립기념관,233002966,향남주공18단지,233002471
화성-화성도시공사,H10-4번,241211001,향남시외버스터미널(경유),277103890,비봉면행정복지센터,233002964
화성-화성도시공사,H10-6번,241211002,향남시외버스터미널(경유),277103890,상기리입구,233000902
화성-화성도시공사,H10-7번,241211003,향남시외버스터미널(경유),277103890,해병대사령부종점,233527970
화성-화성도시공사,H10-8번,241211004,향남시외버스터미널(경유),277103890,해병대사령부종점,233527970
화성-화성도시공사,H13-5번,241211005,화성그린환경센터,233002984,향남주공18단지,233002471
화성-화성도시공사,H13-6번,241211006,향남시외터미널,233003052,향남주공18단지,233002471
화성-화성도시공사,H13-7번,241211007,향남시외터미널,233003052,부처내,233000031
화성-화성도시공사,H50-3번,241211008,신경대학교,233002708,살곶이,233002838
화성-화성도시공사,H50-4A번,241211009,신경대학교,233002708,기업은행,233000210
화성-화성도시공사,H50-4B번,241211010,신경대학교,233002708,대광아파트,233001043
화성-화성도시공사,H50-6번,241211011,신경대학교,233002708,금강아파트,233002921
화성-화성도시공사,H50-7번,241211013,신경대학교,233002708,사강복지회관,233000271
화성-화성도시공사,H50번,241211014,송교리종점,233003057,동미산입구,233003032
화성-화성도시공사,H51번,241211015,전곡항,233001912,백미리사랑방,233003042
화성-화성도시공사,H52번,241211016,전곡항,233001912,궁평유원지종점,233002601
화성-화성도시공사,H53번,241211017,전곡항,233001912,매향2리,233001004
화성-화성도시공사,H1번,241211018,동탄2차고지,233002292,신영통현대타운.두산위브,233000117
화성-화성도시공사,H2번,241211019,장지동농협,233000168,병점역후문,233000695
